{
  "local": {
    "API_URL": "https://api-accounts.arcapp.dev/",
    "API_DISCOVER_URL": "https://api-discover.arcapp.dev/",
    "NOTIFICATION_API_URL": "https://api-notifications.arcapp.dev/",
    "EVENT_API_URL": "https://api-events.arcapp.dev/",
    "API_META_URL": "https://api-meta.arcapp.dev/",
    "LOG_GROUP_NAME": "da-dev-log",
    "PORT": 8080
  },
  "development": {
    "API_URL": "https://api-accounts.arcapp.dev/",
    "API_DISCOVER_URL": "https://api-discover.arcapp.dev/",
    "NOTIFICATION_API_URL": "https://api-notifications.arcapp.dev/",
    "EVENT_API_URL": "https://api-events.arcapp.dev/",
    "API_META_URL": "https://api-meta.arcapp.dev/",
    "LOG_GROUP_NAME": "da-dev-log",
    "CHIME_LOG_GROUP_NAME": "da-dev-chime-logs",
    "PORT": 9999
  },
  "qa": {
    "API_URL": "https://api-accounts.arcapp.dev/",
    "API_DISCOVER_URL": "https://api-discover.arcapp.dev/",
    "NOTIFICATION_API_URL": "https://api-notifications.arcapp.dev/",
    "EVENT_API_URL": "https://api-events.arcapp.dev/",
    "API_META_URL": "https://api-meta.arcapp.dev/",
    "LOG_GROUP_NAME": "da-qa-log",
    "CHIME_LOG_GROUP_NAME": "da-qa-chime-logs",
    "PORT": 8888
  },
  "stage": {
    "API_URL": "https://api-accounts.arcapp.site/",
    "API_DISCOVER_URL": "https://api-discover.arcapp.site/",
    "NOTIFICATION_API_URL": "https://api-notifications.arcapp.site/",
    "EVENT_API_URL": "https://api-events.arcapp.site/",
    "API_META_URL": "https://api-meta.arcapp.site/",
    "LOG_GROUP_NAME": "da-stage-log",
    "CHIME_LOG_GROUP_NAME": "da-stage-chime-logs",
    "PORT": 7777

  },
  "production": {
    "API_URL": "https://api-accounts.wearc.com/",
    "API_DISCOVER_URL": "https://api-discover.wearc.com/",
    "NOTIFICATION_API_URL": "https://api-notifications.wearc.com/",
    "EVENT_API_URL": "https://api-events.wearc.com/",
    "API_META_URL": "https://api-meta.wearc.com/",
    "LOG_GROUP_NAME": "da-production-log",
    "CHIME_LOG_GROUP_NAME": "da-production-chime-logs",
    "PORT": 7777
  }
}